"","X","Y"
"1",446718.592974567,4434267.86725896
"2",450622.294637162,4434493.50535525
"3",447929.18585059,4434418.35924585
"4",451811.797925404,4433423.03457478
"5",449973.370176869,4434558.75457326
"6",449650.770026347,4433597.86857069
"7",447528.465101296,4434054.03247631
"8",451692.971337346,4434619.99480049
"9",450688.156479593,4433946.71585307
"10",450627.799411701,4435161.91140726
"11",452907.685206598,4433952.94302465
"12",452588.155375963,4434873.64855258
"13",450529.949261078,4433610.68809216
"14",449013.381437429,4434994.13931981
"15",453324.859796194,4435410.87807482
"16",451992.821372524,4433983.34889635
"17",449962.558460887,4434965.40625247
"18",450692.30938324,4434360.20467735
"19",447514.147507897,4434756.80712971
"20",451483.769719942,4433518.16042194
"21",449288.094839736,4435028.50554256
"22",449923.542025262,4433352.71570072
"23",448156.994866577,4433985.40878286
"24",451807.802970764,4434718.17297049
"25",450396.096972837,4433684.91559898
"26",449340.00526822,4435318.5051665
"27",452879.041826226,4435065.77592971
"28",452485.619464319,4433916.00534168
"29",450440.833489352,4434614.01383546
"30",448432.755973726,4434443.68223547
"31",451450.458819677,4433815.56129294
"32",452278.522000576,4433923.42147147
"33",449120.577030132,4434293.6280517
"34",450922.430707626,4434951.50993194
"35",447252.396414069,4434497.66718995
"36",451299.497041099,4433714.9842651
"37",449464.367628,4434696.78410125
"38",449416.252061478,4433681.23489725
"39",448826.941390951,4434182.35276144
"40",452540.873119746,4434623.06526939
"41",450422.562075293,4434090.17473128
"42",448257.585064607,4434796.09533882
"43",452878.062613885,4434654.71889094
"44",452779.673303041,4434119.06006791
"45",450032.935872587,4434566.89891418
"46",448124.739576472,4434331.9285248
"47",451276.904783945,4433821.74801381
"48",451890.989486732,4433174.32040699
"49",449169.071867722,4434486.6758352
"50",449303.860544172,4433814.03917202
"51",447656.744447704,4433989.73684363
"52",451501.236968737,4434436.65189389
"53",450666.041112813,4434172.49765551
"54",449599.770442388,4434167.32383696
"55",448705.543497622,4433905.34793765
"56",452210.693076862,4434372.40932507
"57",450426.791538319,4433760.06308912
"58",448964.75726252,4434232.55333806
"59",453092.905260425,4434578.49303566
"60",451940.069946049,4433420.7795771
"61",450389.646149669,4435041.6000845
"62",448020.988493997,4435087.14135906
"63",451013.254769808,4434064.61970339
"64",451987.216358033,4433084.51428972
"65",446837.107277944,4434395.22408171
"66",450780.356255434,4434569.68523685
"67",447984.801841396,4434218.58997504
"68",451822.301095584,4433570.53667579
"69",449577.415325714,4434369.26936383
"70",449570.751854166,4433513.95649317
"71",448493.402191811,4433827.36337739
"72",451292.398850398,4434266.45870816
"73",450482.31800326,4433945.92017876
"74",450255.460494272,4435186.85968702
"75",453358.232593069,4434997.86846672
"76",452630.471666383,4435062.61274739
"77",450717.454858346,4433451.35018439
"78",448605.749121507,4434692.19011702
"79",452906.290518121,4435205.16837463
"80",452337.077738789,4434014.08979406
"81",449602.064172868,4435145.1316075
"82",450580.160409953,4434282.7513658
"83",447482.316819473,4434328.11173452
"84",451352.279565409,4433399.71575174
"85",449490.575764677,4435004.17610375
"86",449883.325732733,4433375.13896935
"87",448317.444473094,4434002.83792784
"88",452826.047216727,4434546.57348993
"89",450074.195313697,4433459.17572798
"90",448503.05326076,4434799.40395974
"91",452983.313316858,4434754.7954738
"92",452549.119103722,4434018.92589545
"93",450339.471308313,4434250.40229118
"94",448543.660693399,4434346.18972037
"95",451883.29256673,4434211.81188873
"96",452096.941081349,4433782.0632617
"97",449457.975685871,4434438.59694576
"98",450474.75654684,4434931.19183068
"99",447531.975531227,4434464.20070191
"100",451318.109402454,4433729.42899365
"101",449229.062600279,4434956.08528916
"102",449897.128433117,4433915.38983614
"103",448758.494888364,4434158.26822703
"104",452726.116049819,4434357.48191809
"105",450113.4040801,4433814.85458916
"106",448162.664142241,4434738.16771598
"107",452957.782638245,4434593.74906627
"108",452715.830781491,4434176.42937289
"109",450239.426914068,4434721.4722348
"110",448018.610062502,4434704.60492096
"111",451307.024453874,4433874.89803804
"112",451800.242865817,4433053.33300755
"113",449063.135025086,4434641.59691897
"114",449234.642584451,4433807.56840136
"115",447811.600469312,4433944.06562093
"116",451611.050328664,4434377.22370148
"117",450864.798361255,4433794.45284451
"118",449722.828168413,4434210.56583616
"119",448801.664365775,4433784.31344815
"120",452095.420146499,4434368.61388754
"121",450768.271717371,4433646.26236613
"122",448902.56830731,4434597.05854528
"123",453492.38805354,4435179.45301787
"124",452231.83515026,4433290.65681722
"125",450408.869304393,4435107.16264184
"126",448015.073612585,4434552.24959959
"127",451328.182538819,4434047.52566178
"128",452080.837115409,4433188.14128018
"129",447109.193564542,4434563.17860425
"130",450777.599717534,4434339.64939239
"131",447653.994929203,4434474.78417658
"132",451466.672327652,4433298.88770524
"133",449586.033502958,4434316.0641278
"134",449900.241475356,4433656.62321292
"135",448488.332575013,4433768.92817632
"136",451412.229343073,4434340.69934976
"137",450075.203004744,4433610.13474107
"138",449662.475680878,4435310.92550617
"139",453178.61264841,4434713.00680734
"140",452690.709806125,4433733.97284122
"141",450177.623084361,4434327.91112391
"142",449014.226068028,4434755.58371628
"143",451654.482576283,4434027.3650329
"144",452358.519525567,4434160.63030424
"145",449906.767590316,4434861.45323592
"146",450574.545831993,4434762.13518754
"147",447269.458285486,4434278.35359316
"148",451200.099374308,4433463.52768407
"149",449099.863584117,4434908.60087114
"150",449098.233084909,4433603.67684084
"151",448972.639082445,4433704.7131331
"152",452793.611044663,4434454.30215727
"153",450220.178020809,4434141.1869246
"154",448483.157670228,4434768.38229036
"155",452901.701564652,4434701.64691832
"156",452480.825583535,4434070.92302069
"157",450297.231312257,4434323.61612051
"158",448332.724783934,4434557.13039319
"159",451713.359765314,4434049.91644895
"160",452088.863187924,4433881.34724272
"161",449370.142550297,4434639.30470048
"162",449312.844227479,4434108.8333791
"163",447621.695267501,4434450.26464247
"164",450985.907413712,4433649.98886996
"165",449161.9654983,4434943.07287415
"166",449774.647312753,4433795.04554982
"167",448802.919516827,4434023.16781475
"168",452671.847607418,4434358.09098589
"169",450074.042300141,4433873.74348151
"170",448792.073514879,4434537.51223642
"171",453048.287970392,4434377.27626105
"172",452122.230905974,4433609.38692912
"173",450200.110848141,4434883.52751392
"174",447973.780679977,4434857.15090323
"175",451134.028417706,4433758.11499231
"176",451061.702563395,4433222.62645208
"177",449918.292418417,4434415.12145844
"178",449117.490576433,4433894.03104668
"179",448002.011316618,4434004.59408093
"180",451754.897149166,4434435.81708236
"181",450945.788896446,4434106.78066082
"182",449554.366162416,4433875.51384627
"183",453110.004273196,4434164.16026645
"184",452569.993497903,4435045.96914856
"185",450523.711407634,4433500.14830837
"186",449037.989721362,4434639.20771342
"187",453437.213288933,4435314.30782171
"188",452164.211609967,4433659.12617801
"189",450071.289343319,4435123.32122277
"190",448088.392376139,4434683.77786629
"191",451228.749979534,4434188.66412689
"192",449814.861684073,4433188.26712782
"193",447023.797304863,4434370.4145325
"194",450710.278346034,4434292.27335937
"195",447692.254472109,4434499.36446107
"196",451523.27808417,4433474.41603194
"197",449611.692975592,4434580.08468332
"198",449913.040872991,4433504.12254292
"199",448429.102643624,4434086.55002663
"200",450974.755432095,4434301.29503164
"201",450345.346566319,4433489.07055197
"202",449252.989170556,4435177.37255717
"203",453141.79053962,4434732.74293564
"204",452385.365262699,4433646.99844764
"205",450201.329278235,4434417.30691435
"206",448383.570658896,4434452.70651529
"207",451570.622620289,4433859.28287462
"208",452197.662856355,4433919.37465233
"209",449062.19719989,4434367.15325719
"210",450881.088969303,4434792.6545168
"211",447223.539407738,4434359.81716266
"212",451059.921073184,4433316.10240311
"213",449096.661460923,4434828.23876635
"214",449133.113909755,4433512.20150143
"215",448599.916362,4433669.0348448
"216",452473.106173118,4434335.35677296
"217",450147.392848777,4434056.2711655
"218",448258.344895252,4435009.41627429
"219",453242.370878509,4435061.61643581
"220",452809.884364088,4433925.114214
"221",450230.265770567,4434556.15485845
"222",448119.05127584,4434593.65541914
"223",451700.879610679,4433931.4649305
"224",451613.904312547,4433034.06102173
"225",449366.594029192,4434544.42307861
"226",449406.221108355,4433866.95905559
"227",447742.055519958,4434029.71024237
"228",451040.902846139,4433531.54857231
"229",450515.01764625,4434147.33990454
"230",449920.62246798,4434195.98320403
"231",449040.570174188,4433759.92404501
"232",452234.071339806,4434352.98938675
"233",450273.387609584,4433865.10322392
"234",448662.430042971,4434594.79981633
"235",452880.681436344,4434373.05188867
"236",452038.59337762,4433703.89246456
"237",450222.112906867,4434847.65530331
"238",447736.127960346,4434847.35501715
"239",451127.394517349,4433858.70616641
"240",451324.358984861,4433255.5665338
"241",449902.211773773,4434510.29713171
"242",449098.096164101,4434159.87785709
"243",448092.524320955,4434189.01892134
"244",451873.001356032,4434437.65310027
"245",450876.456966469,4434075.67125305
"246",449630.073439246,4433867.97889268
"247",453041.333901289,4434045.53224417
"248",452726.371095024,4434713.47788504
"249",450639.921411481,4433510.91219779
"250",448789.401384273,4434292.96385285
"251",453641.581617901,4435438.64134804
"252",452304.441452735,4433588.3555054
"253",450620.962921243,4434588.55884433
"254",447811.755165268,4434326.83245768
"255",451673.984021454,4433374.70483125
"256",450908.50083373,4433225.89000752
"257",449812.177962015,4434594.63338039
"258",449666.686484515,4433569.81223641
"259",448189.725788271,4433908.1314774
"260",451700.958453654,4434579.48632305
"261",450714.697913335,4433417.09776395
"262",449018.026756338,4435000.14369544
"263",453416.782348381,4435517.45003986
"264",452040.499317846,4434200.01448653
"265",449537.463037366,4434912.91700569
"266",450514.902077695,4434212.56834176
"267",447550.731354824,4434713.66745916
"268",451630.368436152,4433609.02181413
"269",449289.540157167,4435145.7608916
"270",449805.390402448,4433435.42685836
"271",448189.746542234,4434027.90528238
"272",452642.489174089,4434535.78697406
"273",450273.355553931,4433582.15062056
"274",449479.134623021,4435267.31539705
"275",452874.681894789,4435147.6551167
"276",452502.436317031,4433865.4033134
"277",450453.51558296,4434524.36336235
"278",448532.580391539,4434333.66536979
"279",451636.418377273,4433898.354579
"280",451935.639550128,4433795.51468776
"281",449450.253009038,4434312.87724804
"282",450572.045382252,4435091.90851804
"283",447309.504986693,4434531.99657794
"284",451307.577984686,4433617.40970058
"285",449453.444170009,4434893.36378685
"286",449288.497371991,4433558.61951004
"287",449013.888750795,4433976.02923575
"288",452537.071284436,4434506.2734442
"289",450325.356581636,4434107.28737745
"290",448279.759712867,4434871.37261222
"291",453061.935174169,4434482.61910232
"292",452650.177551489,4434133.10699405
"293",450153.881431322,4434495.32072944
"294",448154.513743236,4434385.30850899
"295",451194.325415329,4433845.77797056
"296",451684.202382171,4433261.02850451
"297",449275.205398424,4434518.6502739
"298",449366.657690591,4433759.12324983
"299",447957.798838416,4433878.44195663
"300",451523.760682619,4434301.52856506
"301",450877.567356291,4433879.43270469
"302",449637.547019127,4434191.45673598
"303",448643.374515637,4433744.72682205
"304",452116.9093271,4434220.47861548
"305",450862.043221346,4433654.54406208
"306",449016.492678026,4434407.38262339
"307",453229.362552935,4434627.4320394
"308",451978.774052996,4433274.50884375
"309",450325.117996137,4435087.3176708
"310",448019.253442002,4435053.94218035
"311",451158.912963319,4434014.20966509
"312",451999.252954679,4433069.62924916
"313",447143.555119317,4434540.11848089
"314",450793.94296953,4434644.66607583
"315",447949.002287586,4434370.82020287
"316",451875.450354517,4433611.09921294
"317",449696.729130172,4434245.10587614
"318",449569.821192633,4433668.01352881
"319",448369.335799345,4433962.09610078
"320",451391.009026977,4434305.07147921
"321",450027.901426374,4433572.62035201
"322",450394.108534614,4435302.26117638
"323",453398.683185417,4435018.67470401
"324",452732.251188513,4435064.26235801
"325",450795.094101846,4433382.56398172
"326",448780.715862363,4434722.11667267
"327",451654.733448723,4433989.48200746
"328",452272.898145305,4434090.53766276
"329",449626.706858911,4434974.74723257
"330",450707.183360057,4434757.34087299
"331",447612.264609764,4434222.1970791
"332",451185.239541053,4433460.0001673
"333",449296.176705527,4434928.35922291
"334",449520.279851712,4433486.43320696
"335",448186.34437663,4434049.92786909
"336",452610.801574436,4434630.2268925
"337",450069.955555709,4433498.62154072
"338",448423.679010631,4434917.20410478
"339",453029.39289695,4434787.38270301
"340",452402.940264731,4434159.75324876
"341",450312.196039382,4434359.9941725
"342",448402.68080611,4434353.57056464
"343",451749.306213804,4434158.50338484
"344",452015.661310275,4433896.40777105
"345",449341.246542041,4434225.3503746
"346",449372.148543864,4434001.28528267
"347",447606.846329432,4434591.08186131
"348",451268.08161953,4433699.70920426
"349",449261.585629428,4434931.77134449
"350",449923.06272087,4433902.94552271
"351",448733.829101168,4434158.50753591
"352",452784.552203622,4434376.54915501
"353",450185.403514098,4433821.66543808
"354",448744.808738724,4434493.01627401
"355",453025.956437388,4434672.00006424
"356",452111.369485206,4433719.79876721
"357",450330.966486708,4434853.17082252
"358",448096.631647983,4434892.81978727
"359",451210.382539652,4433943.74352263
"360",451582.012051638,4433021.22127409
"361",449154.619740247,4434556.49437341
"362",449207.60368312,4433896.01714425
"363",447677.695076758,4433918.3555576
"364",451645.286201703,4434434.42369189
"365",450719.56601214,4433744.69092922
"366",449630.410111597,4434156.35996694
"367",448587.401664516,4433750.39356149
"368",451918.67200962,4434404.85816783
"369",450895.629999305,4433713.93535402
"370",448953.738391234,4434497.44213531
"371",453514.38521307,4435393.62213492
"372",452183.359432833,4433493.93094336
"373",450128.414537437,4435088.66326311
"374",448000.875225848,4434517.64820095
"375",451263.48242495,4434193.41081071
"376",452138.129162703,4433222.67733629
"377",447085.442843577,4434425.17149346
"378",450779.008893121,4434262.18992577
"379",447697.387343772,4434461.8523782
"380",451474.817282316,4433397.95340542
"381",449702.444927747,4434641.56324936
"382",449914.036153546,4433572.76096817
"383",448367.672080754,4434028.52659237
"384",450990.570142045,4434414.6110534
"385",450036.273245075,4433582.57841746
"386",449564.823055882,4435361.67349309
"387",453212.840796015,4434752.68696247
"388",452576.858019392,4433707.80338453
"389",450211.366909853,4434436.58371188
"390",448354.712913421,4434578.50953693
"391",451644.797484587,4433987.38545983
"392",452161.919019443,4433981.8547986
"393",449948.140385594,4434836.54776762
"394",450519.678336849,4434715.36483174
"395",447371.232239218,4434440.0687415
"396",451189.7521655,4433346.69697933
"397",449156.866573159,4434865.6734771
"398",449065.034210137,4433716.44797639
"399",448884.18994073,4433650.24342804
"400",452557.635511357,4434401.14614986
"401",450175.136600172,4434025.34547443
"402",448424.482559906,4434936.11962647
"403",453012.959649483,4434740.62782368
"404",452431.451119048,4434104.90666606
"405",450348.528293208,4434441.65728925
"406",448166.085129268,4434530.75926191
"407",451765.005355035,4434169.17481864
"408",451666.101661252,4432931.01150218
"409",449522.9396754,4434554.84731206
"410",449346.188706482,4434112.56059483
"411",447559.248608554,4434499.0420127
"412",451109.001204216,4433537.9749926
"413",449087.489556492,4435038.36234933
"414",449808.297164353,4434098.70210152
"415",448813.132810265,4434114.65829626
"416",452631.769496536,4434277.47726618
"417",450062.489067536,4433789.24764402
"418",448731.189715039,4434585.96943499
"419",452959.280855604,4434325.41293038
"420",451971.109302685,4433656.20264035
"421",450143.407178657,4434716.71518119
"422",447966.202321008,4434750.39785299
"423",451132.322650639,4433883.24761153
"424",451027.098678634,4433176.97087338
"425",449929.064156608,4434253.43128768
"426",449233.740081708,4434015.53333243
"427",447964.301092803,4433997.41275197
"428",451687.72443927,4434212.74529117
"429",450933.92245165,4434141.84594356
"430",449607.644102173,4433792.58607755
"431",453224.482365273,4434168.66989881
"432",452796.34862623,4434878.78801239
"433",450602.13351597,4433436.64445639
"434",448636.46205773,4434408.87317827
"435",453515.221695359,4435222.47697608
"436",452143.453570587,4433533.99709392
"437",450005.751710331,4435040.64717687
"438",447703.49007225,4434380.80501228
"439",451379.639634621,4434027.63751573
"440",449713.063818416,4433208.73243503
"441",447150.401444402,4434297.20798047
"442",450745.576435834,4434333.92431303
"443",447707.193968498,4434610.09833894
"444",451439.890518139,4433528.91599501
"445",449630.660405956,4434534.51346783
"446",449797.41097049,4433574.46275328
"447",448458.493223432,4434159.03692835
"448",450979.281408802,4434554.50034548
"449",450335.454109739,4433577.95112415
"450",449261.165555698,4435202.94740876
"451",453223.986033769,4434710.64293002
"452",452381.389734773,4433857.91649027
"453",450241.242445666,4434581.57282137
"454",448401.97162631,4434506.56509505
"455",451654.922512599,4433959.51624682
"456",452161.169953316,4433817.28771227
"457",449110.901775768,4434284.23498812
"458",450838.12956057,4434739.51376863
"459",447173.640565971,4434568.19951415
"460",451182.301154812,4433382.14358846
"461",449446.971508475,4434732.16079143
"462",449460.563337108,4433581.3719442
"463",448895.744115501,4434166.82796784
"464",452504.596634217,4434278.43797916
"465",450373.204703565,4434079.680933
"466",448286.797850231,4434942.84230331
"467",453270.120976038,4435051.95488416
"468",452696.934066318,4433966.56691079
"469",450222.637714802,4434509.04403138
"470",448284.371025115,4434249.57437789
"471",451746.750782435,4433861.9434092
"472",451609.200015936,4433056.1309534
"473",449309.445568703,4434564.28239182
"474",449389.156541438,4433853.94604327
"475",447812.11438483,4434036.65701719
"476",451137.739701441,4433509.07889154
"477",450569.987945555,4434163.94514939
"478",449895.707370159,4434046.91492429
"479",448881.91581687,4433829.35693579
"480",452270.094302057,4434330.86223882
"481",450421.742373984,4433763.04032612
"482",448935.525798463,4434428.54808337
"483",452844.845409855,4434223.40459833
"484",451992.872405152,4433458.06302485
"485",450210.692390993,4434809.2296963
"486",447746.086586794,4434818.07580016
"487",451052.925331743,4434023.37991369
"488",452007.960469801,4433016.04896606
"489",449768.549385774,4434653.21786489
"490",449120.407006707,4434139.008009
"491",447575.875444451,4433998.38855783
"492",451782.615503019,4434544.95165704
"493",450836.879403715,4433986.99269652
"494",450615.833419666,4435316.42915977
"495",453018.805074122,4434208.13299222
"496",452718.453533594,4434885.71844491
"497",450555.726282277,4433631.69461818
"498",448691.070182445,4434315.46427799
"499",453559.568196801,4435388.42311207
"500",452172.093466986,4433637.56268668
"501",450616.084346619,4434647.78339289
"502",447702.469558666,4434424.24176393
"503",451755.367219123,4433266.43549879
"504",450789.501260975,4433123.57495213
"505",446840.717222809,4434290.35416566
"506",450480.405897721,4434613.55172815
"507",448071.177571227,4434213.51457934
"508",451804.146672933,4433735.10098338
"509",449777.058096093,4434504.72569589
"510",449743.913558087,4433584.74976615
"511",448142.564663418,4433954.24466279
"512",451889.557828491,4434630.10240246
"513",450634.799950251,4433747.51899905
"514",450062.207275208,4435173.47586301
"515",452883.838671036,4433872.55311887
"516",452544.570494707,4434688.0530635
"517",450946.507348888,4433265.26615266
"518",448972.874392501,4435003.56354375
"519",453314.246224051,4435332.36813614
"520",452033.456427696,4434083.76006136
"521",449626.988236456,4434784.18337817
"522",450643.978377813,4434328.49972568
"523",447585.446069497,4434270.98196943
"524",451488.675895355,4433706.6771807
"525",449405.580163224,4435156.60027946
"526",449770.389973819,4433438.84417143
"527",448239.667224885,4434194.0072848
"528",452612.148133778,4434553.20305212
"529",450452.065139093,4433616.83266389
"530",448556.682905933,4434834.07197768
"531",452970.457912053,4435119.2006635
"532",452554.172287006,4433748.59049445
"533",450406.928157959,4434534.85649391
"534",448432.415716888,4434261.26702248
"535",451785.560081936,4434068.32098207
"536",451924.127024322,4433942.94721186
"537",449461.57934224,4434385.5911775
"538",450610.073036249,4435097.60386699
"539",447290.17052872,4434639.08923287
"540",451292.064851455,4433710.99209575
"541",449313.527227018,4434789.42853712
"542",449171.431157313,4433427.60919542
"543",448959.836180318,4434109.51694739
"544",452526.630797973,4434621.87708478
"545",450413.686620139,4434055.58029474
"546",448274.958565702,4434688.84053004
"547",452864.784938669,4434488.34396844
"548",452633.709202194,4433999.82193412
"549",450297.94867859,4434703.67457048
"550",448264.891580643,4434415.58252728
"551",451331.160525125,4433766.99705282
"552",451843.770252973,4433064.22013513
"553",449201.206738266,4434470.89635948
"554",449073.023048494,4433822.42949627
"555",447906.902255664,4433915.93828095
"556",451442.548365392,4434292.54280014
"557",450802.556193936,4433802.81014304
"558",449612.233263974,4434088.35922831
"559",448793.173875604,4433806.49462042
"560",452074.98143358,4434233.12221326
"561",450824.100121815,4433719.98629902
"562",448829.729908892,4434393.94955779
"563",453116.873044149,4434301.87302752
"564",452115.806366133,4433388.9291115
"565",450419.520356719,4435155.67668667
"566",447988.504418518,4435058.14388761
"567",451050.215388494,4434108.19411777
"568",452047.180438213,4433194.68671941
"569",447057.96810293,4434575.73073706
"570",450751.344983222,4434592.2989093
"571",447940.418599598,4434415.23165581
"572",451721.869388393,4433622.04336687
"573",449587.487949152,4434333.83937087
"574",449754.71108307,4433466.54003923
"575",448569.231949301,4433749.17472333
"576",451296.244201696,4434264.07745032
"577",450109.010573177,4433589.14222144
"578",449911.210672393,4435203.32655469
"579",453394.797809379,4435081.24682243
"580",452665.141642203,4435033.34009851
"581",450781.762459693,4433470.42911992
"582",448762.376181291,4434879.04715332
"583",451539.8395526,4434187.75064275
"584",452325.190617024,4434170.72250692
"585",449547.321768384,4435124.32532024
"586",450597.006097461,4434701.83060081
"587",447451.423963676,4434268.94695831
"588",451358.501691894,4433358.76082632
"589",450097.743261617,4433417.7386497
"590",448525.146768267,4434880.97021056
"591",452896.743394912,4434857.71565933
"592",452563.041726643,4434021.30843769
"593",449479.244954389,4434419.88789824
"594",449435.963193442,4434188.135001
"595",447412.243427176,4434664.56756735
"596",451146.007762297,4433730.93065035
"597",449279.679016398,4434973.30045682
"598",449945.88530835,4433945.86145105
"599",448654.403253328,4434111.78060513
"600",452717.137108722,4434353.57078559
"601",450110.493626673,4433886.63437134
"602",448582.976770304,4434593.83900122
"603",452887.58246468,4434543.10111413
"604",452036.609252885,4433550.7075291
"605",450277.003332441,4434913.68769494
"606",447957.756901766,4434780.55600893
"607",451201.051428397,4433867.19912038
"608",451538.09196013,4432920.57462526
"609",449772.758833958,4434415.33052523
"610",449143.644759346,4433798.3991061
"611",448019.294248325,4434094.37453695
"612",451611.816707194,4434389.7633961
"613",450855.968761335,4433778.26530971
"614",449639.114225103,4433788.61439491
"615",453089.621888744,4433968.04681034
"616",451937.499049743,4434568.31834019
"617",450733.014425674,4433551.02194825
"618",448909.592628879,4434637.57889343
"619",453468.691403612,4435179.06579128
"620",452258.873082844,4433477.79016043
"621",450173.150258934,4434947.00479446
"622",447965.173308975,4434563.25701471
"623",451403.152909884,4434199.26318238
"624",452162.192306047,4433128.11156073
"625",447030.335479294,4434309.24581741
"626",450915.850242571,4434422.95506268
"627",447777.638666167,4434592.56645204
"628",451469.110595297,4433346.55177418
"629",449538.283367343,4434651.58007448
"630",449794.981835937,4433591.59679103
"631",448533.291547397,4434125.45541931
"632",451004.777574567,4434379.64600738
"633",450195.486202116,4433735.50876089
"634",449637.720629985,4435278.79477756
"635",453088.001073759,4434874.01495845
"636",452412.094850132,4433554.48861576
"637",450181.382089987,4434424.73619554
"638",448425.554833654,4434456.66555414
"639",451650.649818227,4434018.0954648
"640",452337.879773728,4434012.24981437
"641",449925.795550436,4434713.76398739
"642",450741.956668938,4434771.41146224
"643",447342.348671295,4434363.57463831
"644",451099.511663959,4433396.71534127
"645",449221.45891356,4434862.95889539
"646",449144.051073066,4433623.13078212
"647",448660.52127163,4433725.47505142
"648",452600.016923594,4434333.71957902
"649",450185.315640223,4434158.9627157
"650",448535.580216908,4434970.10248586
"651",453292.978047988,4435044.23854175
"652",452794.834273871,4433888.92335786
"653",450318.687442655,4434273.09808529
"654",448308.791857436,4434526.53967542
"655",451722.16940071,4433850.90148144
"656",451774.746599422,4432982.13096503
"657",449450.379323978,4434486.08347676
"658",449304.68882707,4434003.52459803
"659",447725.043547481,4434114.3088553
"660",450975.939844635,4433657.5826275
"661",450513.880460926,4434105.44882414
"662",449810.251953703,4434011.70939076
"663",449048.850870609,4433811.92021714
"664",452330.291509459,4434451.5690091
"665",450256.155670058,4433801.51204612
"666",448578.033362493,4434467.23454561
"667",452912.315459403,4434424.00237809
"668",451994.160510269,4433550.2548408
"669",450162.154340484,4434739.21349205
"670",447827.581036817,4434795.21486192
"671",451002.266399172,4433838.98126066
"672",451067.102588509,4433156.30771719
"673",449821.144479773,4434374.45453046
"674",449278.006273637,4434044.86957007
"675",447963.269739088,4434085.74677349
"676",451836.603511921,4434418.341403
"677",450852.484775203,4434050.14102673
"678",449580.792804288,4433888.5327701
"679",452854.029741177,4434194.72760647
"680",452656.87246201,4434892.26359054
"681",450699.895421168,4433297.90249695
"682",448793.813269301,4434418.60661105
"683",453619.693574361,4435500.48027463
"684",452145.37090879,4433681.9259943
"685",450128.57157878,4435038.44622891
"686",447698.03465235,4434217.54956073
"687",451842.189732614,4433267.42762404
"688",449734.927665064,4433156.07905782
"689",449963.502036786,4435159.50001131
"690",450496.425053935,4434344.22444859
"691",447345.39516204,4434764.14352441
"692",451601.935433485,4433668.02873502
"693",449558.742329653,4434491.83070337
"694",449900.14863445,4433397.16008045
"695",448531.384145275,4433995.92695534
"696",450961.367670663,4434486.66656323
"697",450374.162660444,4433543.12782574
"698",449393.079433795,4435231.38297096
"699",452995.941704264,4434945.53939013
"700",452422.30421842,4433844.24743242
"701",450417.989803291,4434628.29472061
"702",448523.931506677,4434556.6833483
"703",451435.429870569,4433949.19535908
"704",452320.129706391,4433951.04099611
"705",449161.550127396,4434386.34755293
"706",450802.517955385,4434754.02871797
"707",447342.052428891,4434602.40029536
"708",450953.355907843,4433270.7593394
"709",449376.176392519,4434894.93261675
"710",449494.318442942,4433659.60787993
"711",449012.960370509,4434160.65834638
"712",452413.803592139,4434378.05860028
"713",450242.629813949,4434001.71751722
"714",448162.854337379,4434973.01654993
"715",453215.461815339,4434988.86078909
"716",452614.214413135,4433915.86599973
"717",450065.162450816,4434589.8846822
"718",448132.224270262,4434378.80389366
"719",451811.604334178,4433852.83273284
"720",451584.391688042,4433226.509847
"721",449293.118765536,4434684.30318885
"722",449374.786067149,4433778.81138
"723",447747.960107861,4434037.88829195
"724",451629.57211827,4434559.49846242
"725",450549.757005417,4434175.69985708
"726",449883.089617532,4434147.12673919
"727",448862.833967198,4433949.65253947
"728",452289.171721039,4434360.01389954
"729",450303.384663706,4433833.01122711
"730",448999.118770296,4434237.20444006
"731",453253.98957447,4434679.5048315
"732",452036.440730296,4433301.69355588
"733",450222.389009052,4434800.16974927
"734",447765.421099431,4434779.28284675
"735",450955.217443763,4434148.07115594
"736",451942.60783173,4432990.16712977
"737",449964.972724192,4434678.23853427
"738",449074.174341103,4434070.57851291
"739",447517.693245092,4434195.88151682
"740",451771.663196863,4434605.74860422
"741",450516.46214102,4433738.45049721
"742",450593.201172662,4435258.61979568
"743",453065.839481839,4434146.84570231
"744",452741.146335951,4434820.34719313
"745",450524.206721215,4433620.35463882
"746",448808.638404429,4434360.43299527
"747",453495.171905735,4435505.07019677
"748",452020.240383367,4434070.82944233
"749",450476.059571597,4434602.17013899
"750",447631.208020628,4434356.08237
"751",451734.971205934,4433418.24747114
"752",450925.91229782,4433202.79261642
"753",446747.447375856,4434285.47834235
"754",450937.112635974,4434453.74641983
"755",447917.87942295,4434393.52974717
"756",451720.965237965,4433674.86425886
"757",449707.21525727,4434372.58142365
"758",449724.484936847,4433683.08483356
"759",448246.216400196,4433933.877247
"760",451680.805128432,4434656.16912839
"761",450624.622495195,4433811.42712929
"762",450455.955639044,4435303.02291982
"763",452874.333063093,4433927.74071422
"764",452832.67833377,4435081.47893918
"765",450758.926198754,4433313.72223419
"766",448672.604774989,4434902.96684767
"767",453247.74537111,4435376.42140807
"768",451901.111666175,4433983.08587159
"769",449562.753807096,4434791.44975049
"770",450606.85380377,4434424.0967511
"771",447565.253932906,4434335.78021657
"772",451192.431392072,4433285.99110708
"773",449318.157173158,4434970.86831829
"774",449984.13357524,4433427.07675542
"775",448183.188599008,4434021.62125394
"776",452629.791951808,4434570.83917643
"777",450322.54149491,4433565.64509885
"778",448426.112001888,4434745.4315962
"779",452859.34825018,4435034.86825225
"780",452570.615745103,4434138.55939846
"781",450466.932184755,4434568.63213189
"782",448534.541685487,4434338.85016528
"783",451676.426687943,4434191.27848104
"784",451975.658762235,4433946.27897415
"785",449493.921721707,4434406.04708548
"786",450534.054918489,4435000.72722069
"787",447470.555482301,4434558.27779797
"788",451242.806449302,4433671.60968097
"789",449446.428020115,4434750.74306284
"790",449911.395561251,4433959.6773271
"791",448666.718521407,4434150.67377766
"792",452599.491519712,4434672.66144818
"793",450366.830261988,4434145.03588813
"794",448198.938372255,4434745.95944146
"795",452855.573738125,4434506.71197408
"796",452653.782578296,4434168.39861622
"797",450362.753540838,4434845.86304655
"798",448270.967948876,4434324.12213133
"799",451280.389651379,4433921.12724139
"800",451847.958625325,4433184.05403763
"801",449144.087591084,4434535.31163808
"802",449083.799316692,4433769.47855812
"803",447966.326183716,4433958.1288916
"804",451500.171791774,4434332.758956
"805",450894.975434215,4433932.53912743
"806",449546.413450249,4434203.51244791
"807",448705.646846401,4433949.20697757
"808",451901.021958257,4434328.51554098
"809",450758.290197835,4433684.17423503
"810",449000.095289057,4434668.05417959
"811",453134.855165571,4434255.89524842
"812",452289.889812614,4433400.97419146
"813",450420.33689468,4435004.57772502
"814",447983.049546287,4434593.31309388
"815",451012.679084024,4434112.71532297
"816",452050.159843089,4433077.91831071
"817",447079.790980058,4434452.29539668
"818",450825.838274646,4434551.93527735
"819",447813.565966742,4434648.59019399
"820",451765.317944278,4433652.47017373
"821",449625.610383177,4434263.98515417
"822",449724.707081186,4433317.60530456
"823",448401.447050145,4433935.43836924
"824",451280.832851024,4434343.94448355
"825",450075.082126398,4433687.55517713
"826",449963.644743383,4435178.72417836
"827",453176.250455271,4434764.819131
"828",452779.522743945,4435107.09110157
"829",450231.338595197,4434440.06588017
"830",449043.133747698,4434820.24274825
"831",451635.890047005,4434134.86832572
"832",452240.520903231,4433980.12242652
"833",449525.44917199,4434970.51087343
"834",450575.856722912,4434914.06338979
"835",447626.553010201,4434213.55154656
"836",451369.490974989,4433473.92088333
"837",449077.719189484,4434725.18634998
"838",449100.699878878,4433655.04245234
"839",448894.416511075,4433660.52833769
"840",452763.695348191,4434501.22520912
"841",450163.664200694,4434039.64656037
"842",448504.006158824,4434888.15317964
"843",452941.578312896,4434805.59244933
"844",452436.901189523,4434160.39220298
"845",450288.125915084,4434366.93483125
"846",448277.494628997,4434606.95592068
"847",451681.167694054,4434011.39533682
"848",452000.073714856,4433970.84874986
"849",449398.961044692,4434382.6880113
"850",449308.860032129,4434173.24735699
"851",447455.926931149,4434599.5602291
"852",451140.186388584,4433670.97645929
"853",449175.696173002,4434999.18220529
"854",449875.296100444,4433792.78674944
"855",448643.128123929,4433987.22470002
"856",452629.690400993,4434331.83585795
"857",450196.907941887,4433804.79387389
"858",448685.583294863,4434463.25888781
"859",452992.787665844,4434429.67538586
"860",451973.203457122,4433700.13317879
"861",450381.018371239,4434687.59399557
"862",447990.888878054,4434811.80843585
"863",451011.909906725,4433809.2335012
"864",451622.58746185,4432969.63774867
"865",449911.274380141,4434386.08558057
"866",449223.407730286,4433754.16178027
"867",448020.245881977,4434121.54432041
"868",451664.272801235,4434285.15959992
"869",450940.383930843,4434097.70637187
"870",449541.369716891,4433760.49584805
"871",453107.420689397,4434146.96539902
"872",451902.293089968,4434619.73826483
"873",450873.67448689,4433570.3858585
"874",448828.576413536,4434474.21609845
"875",453544.240413875,4435388.74996286
"876",452226.993409079,4433439.26218551
"877",450124.132392204,4435043.11872709
"878",447913.162596555,4434535.5577227
"879",451245.525267036,4434192.99750265
"880",449900.97576259,4433230.17996358
"881",447001.511665639,4434347.3788541
"882",450821.391707461,4434245.91308312
"883",447773.698946161,4434462.44234891
"884",451437.382085584,4433264.77608933
"885",449564.880834319,4434661.21623272
"886",449876.658917878,4433508.91652024
"887",448439.179726223,4433990.96374329
"888",450996.303458136,4434441.54028997
"889",450020.368866578,4433566.95582269
"890",449677.138220687,4435299.17445513
"891",453140.771701889,4434775.05849837
"892",452521.753630859,4433732.60788138
"893",450072.383843837,4434329.70763457
"894",448362.425102314,4434615.20904563
"895",451550.248635727,4434173.43032794
"896",452187.704883393,4433971.87915306
"897",449118.22408955,4434423.1525708
"898",450745.591257465,4434917.43716467
"899",447269.644694478,4434308.8641896
"900",451072.196703057,4433391.00453184
"901",449125.543481846,4434884.83994041
"902",449119.790196051,4433735.16690669
"903",448643.877146675,4433700.87788352
"904",452578.745164054,4434439.50279327
"905",450154.530686287,4433985.48311407
"906",448117.918189814,4435123.13555328
"907",453196.151419356,4435110.13196275
"908",452694.744815296,4433907.88613097
"909",450058.488154095,4434506.75389318
"910",448120.080356201,4434566.74166286
"911",451891.41823878,4433819.27608576
"912",451724.961952764,4432905.7241301
"913",450608.957134832,4434037.39296971
"914",449806.911628279,4433981.90041759
"915",448904.449381105,4433824.06955048
"916",452240.93393594,4434298.48665741
"917",450218.134881813,4434904.02167002
"918",447678.519197888,4434767.7037609
"919",451158.117804832,4433824.27070914
"920",451045.868958754,4433139.98854183
"921",449825.140253079,4434333.82814491
"922",449270.575310863,4434202.78813828
"923",447896.372938074,4434177.60358783
"924",451792.169768672,4434328.40491402
"925",450756.310090686,4434146.41336429
"926",449738.115742628,4433818.34346501
"927",452851.782577015,4433979.71790706
"928",452689.594769005,4434750.70541425
"929",450523.833723919,4433730.69026262
"930",448706.241815961,4434447.14419595
"931",453615.810827358,4435519.41373253
"932",452249.287669671,4433595.71222247
"933",450492.943934406,4434646.78147628
"934",447762.773293929,4434300.44134109
"935",451891.107165837,4433372.14757142
"936",450917.256689247,4433182.29826676
"937",449989.20410145,4435131.10838049
"938",450706.566260802,4434418.88908958
"939",447522.14780507,4434710.59899711
"940",451567.712193656,4433704.15166216
"941",449605.46426896,4434630.01730893
"942",449826.069514176,4433331.7793592
"943",448163.847290164,4434004.63343174
"944",451641.240039198,4434687.16092247
"945",450258.375617311,4433615.84291803
"946",449330.01939307,4435251.27162827
"947",452911.056062286,4435040.89735997
"948",452589.187361438,4433811.64588943
"949",450446.344071796,4434674.49840551
"950",448517.792157911,4434402.74245702
"951",451482.595939281,4433860.76536782
"952",452238.230194576,4433817.53176352
"953",449088.451477348,4434424.25330863
"954",450817.190426175,4434690.91921609
"955",447217.046204185,4434477.05349093
"956",451072.9322078,4433486.42612406
"957",449378.392619035,4434728.80976147
"958",449509.627607764,4433734.55624714
"959",448823.248782241,4434061.36679895
"960",452501.645991767,4434508.56526185
"961",450389.952007876,4434185.6174292
"962",448152.044639449,4434723.64323083
"963",453191.103070152,4434973.88614271
"964",452741.586708943,4434161.047804
"965",450193.18099566,4434561.53372205
"966",448191.263768427,4434445.88324667
"967",451836.978232916,4433869.4863757
"968",451828.319338498,4433062.21651043
"969",449254.329266332,4434515.58092355
"970",449519.423023492,4433780.24203197
"971",447856.752112415,4434050.43019134
"972",451617.88930743,4434561.2437403
"973",450480.544101705,4434189.00653401
"974",449936.26032001,4434144.84777841
"975",449005.298155007,4433758.73134297
"976",452357.748004059,4434258.76109993
"977",450468.829074045,4433877.90497429
"978",448969.6554985,4434352.20315518
"979",453119.834647835,4434469.92884636
"980",452079.237631451,4433352.75330681
"981",450278.910717671,4435133.14209347
"982",447944.981078854,4434968.71097024
"983",450959.868242321,4434060.84793867
"984",451944.335104176,4433163.73615836
"985",449945.645424587,4434683.19290999
"986",449712.919172396,4433514.44378183
"987",447590.239390708,4434146.78987374
"988",451875.918221015,4434539.72284698
"989",450595.400722297,4433807.57096293
"990",450597.841910844,4435265.02107198
"991",452939.413173114,4434083.34040632
"992",452732.55721854,4434860.89427878
"993",450582.04002301,4433525.24134092
"994",449044.556438016,4434923.85793232
"995",453365.98877183,4435475.79799771
"996",452013.505368699,4434111.91065341
"997",450521.811430265,4434482.25416753
"998",447799.241061417,4434433.24095872
"999",451844.423659061,4433495.32172164
"1000",450921.937404579,4433187.09682399
